epoch,train_loss,val_loss,learning_rate,epoch_seconds
1,3.4938975959002465,6.531959908383761,0.001,2.9894326469998305
2,3.4496726492476264,6.504957243838956,0.001,3.0153476469999987
3,3.4413599796270047,6.480035094702799,0.001,3.165701682999952
4,3.4365166658660833,6.462197877079713,0.001,3.200381934999996
5,3.433046206531183,6.446392531809718,0.001,3.547483840000041
6,3.4307983602109506,6.468387063277996,0.001,3.0392250589998184
7,3.428482308648691,6.450093973682435,0.001,3.1574933690001217
8,3.4274741135853573,6.420080741129154,0.001,3.2245409970000765
9,3.4264815240326865,6.4250412058573625,0.001,3.0437733430001117
10,3.4252350471695685,6.423937835038513,0.001,3.0566243339999346
11,3.4238117513863338,6.4237720666472535,0.0005,3.169260928000085
12,3.4205919650499346,6.4377198362585535,0.0005,4.450410468999962
13,3.419989097574,6.424554495605359,0.0005,3.354159582999955
